split,feature,rows,missing_fraction,unique_nonmissing,employment_sentinel_count
development,NAME_CONTRACT_TYPE,246008,0.0,2,0
development,CODE_GENDER,246008,0.0,3,0
development,FLAG_OWN_CAR,246008,0.0,2,0
development,FLAG_OWN_REALTY,246008,0.0,2,0
development,CNT_CHILDREN,246008,0.0,15,0
development,AMT_INCOME_TOTAL,246008,0.0,2168,0
development,AMT_CREDIT,246008,0.0,5274,0
development,AMT_ANNUITY,246008,4.06490845826152e-05,13135,0
development,AMT_GOODS_PRICE,246008,0.0008983447692757959,884,0
development,NAME_TYPE_SUITE,246008,0.004182790803551104,7,0
development,NAME_INCOME_TYPE,246008,0.0,8,0
development,NAME_EDUCATION_TYPE,246008,0.0,5,0
development,NAME_FAMILY_STATUS,246008,0.0,6,0
development,NAME_HOUSING_TYPE,246008,0.0,6,0
development,REGION_POPULATION_RELATIVE,246008,0.0,81,0
development,DAYS_BIRTH,246008,0.0,17417,0
development,DAYS_EMPLOYED,246008,0.0,12104,44143
development,DAYS_REGISTRATION,246008,0.0,15420,0
development,DAYS_ID_PUBLISH,246008,0.0,6145,0
development,OWN_CAR_AGE,246008,0.6602143019739195,61,0
development,FLAG_MOBIL,246008,0.0,2,0
development,FLAG_EMP_PHONE,246008,0.0,2,0
development,FLAG_WORK_PHONE,246008,0.0,2,0
development,FLAG_CONT_MOBILE,246008,0.0,2,0
development,FLAG_PHONE,246008,0.0,2,0
development,FLAG_EMAIL,246008,0.0,2,0
development,OCCUPATION_TYPE,246008,0.3127540567786413,18,0
development,CNT_FAM_MEMBERS,246008,8.129816916523039e-06,16,0
development,REGION_RATING_CLIENT,246008,0.0,3,0
development,REGION_RATING_CLIENT_W_CITY,246008,0.0,3,0
development,WEEKDAY_APPR_PROCESS_START,246008,0.0,7,0
development,HOUR_APPR_PROCESS_START,246008,0.0,24,0
development,REG_REGION_NOT_LIVE_REGION,246008,0.0,2,0
development,REG_REGION_NOT_WORK_REGION,246008,0.0,2,0
development,LIVE_REGION_NOT_WORK_REGION,246008,0.0,2,0
development,REG_CITY_NOT_LIVE_CITY,246008,0.0,2,0
development,REG_CITY_NOT_WORK_CITY,246008,0.0,2,0
development,LIVE_CITY_NOT_WORK_CITY,246008,0.0,2,0
development,ORGANIZATION_TYPE,246008,0.0,58,0
development,EXT_SOURCE_1,246008,0.5633759877727553,94564,0
development,EXT_SOURCE_2,246008,0.002158466391336867,108825,0
development,EXT_SOURCE_3,246008,0.19838785730545347,806,0
development,APARTMENTS_AVG,246008,0.507024161815876,2249,0
development,BASEMENTAREA_AVG,246008,0.5846517186432961,3685,0
development,YEARS_BEGINEXPLUATATION_AVG,246008,0.48758170466001105,267,0
development,YEARS_BUILD_AVG,246008,0.6647873239894637,148,0
development,COMMONAREA_AVG,246008,0.69839598712237,3047,0
development,ELEVATORS_AVG,246008,0.5325721114760495,247,0
development,ENTRANCES_AVG,246008,0.5031340444213196,273,0
development,FLOORSMAX_AVG,246008,0.4971261097200091,378,0
development,FLOORSMIN_AVG,246008,0.6785185847614712,288,0
development,LANDAREA_AVG,246008,0.593415661279308,3424,0
development,LIVINGAPARTMENTS_AVG,246008,0.6833883450944684,1810,0
development,LIVINGAREA_AVG,246008,0.5018617280738837,5076,0
development,NONLIVINGAPARTMENTS_AVG,246008,0.693997756170531,364,0
development,NONLIVINGAREA_AVG,246008,0.5512991447432604,3149,0
development,APARTMENTS_MODE,246008,0.507024161815876,750,0
development,BASEMENTAREA_MODE,246008,0.5846517186432961,3744,0
development,YEARS_BEGINEXPLUATATION_MODE,246008,0.48758170466001105,214,0
development,YEARS_BUILD_MODE,246008,0.6647873239894637,153,0
development,COMMONAREA_MODE,246008,0.69839598712237,2988,0
development,ELEVATORS_MODE,246008,0.5325721114760495,26,0
development,ENTRANCES_MODE,246008,0.5031340444213196,30,0
development,FLOORSMAX_MODE,246008,0.4971261097200091,25,0
development,FLOORSMIN_MODE,246008,0.6785185847614712,25,0
development,LANDAREA_MODE,246008,0.593415661279308,3466,0
development,LIVINGAPARTMENTS_MODE,246008,0.6833883450944684,725,0
development,LIVINGAREA_MODE,246008,0.5018617280738837,5176,0
development,NONLIVINGAPARTMENTS_MODE,246008,0.693997756170531,157,0
development,NONLIVINGAREA_MODE,246008,0.5512991447432604,3191,0
development,APARTMENTS_MEDI,246008,0.507024161815876,1127,0
development,BASEMENTAREA_MEDI,246008,0.5846517186432961,3675,0
development,YEARS_BEGINEXPLUATATION_MEDI,246008,0.48758170466001105,235,0
development,YEARS_BUILD_MEDI,246008,0.6647873239894637,150,0
development,COMMONAREA_MEDI,246008,0.69839598712237,3060,0
development,ELEVATORS_MEDI,246008,0.5325721114760495,46,0
development,ENTRANCES_MEDI,246008,0.5031340444213196,46,0
development,FLOORSMAX_MEDI,246008,0.4971261097200091,49,0
development,FLOORSMIN_MEDI,246008,0.6785185847614712,47,0
development,LANDAREA_MEDI,246008,0.593415661279308,3455,0
development,LIVINGAPARTMENTS_MEDI,246008,0.6833883450944684,1079,0
development,LIVINGAREA_MEDI,246008,0.5018617280738837,5159,0
development,NONLIVINGAPARTMENTS_MEDI,246008,0.693997756170531,202,0
development,NONLIVINGAREA_MEDI,246008,0.5512991447432604,3177,0
development,FONDKAPREMONT_MODE,246008,0.6837785763064615,4,0
development,HOUSETYPE_MODE,246008,0.5013170303404767,3,0
development,TOTALAREA_MODE,246008,0.48253308835485026,4974,0
development,WALLSMATERIAL_MODE,246008,0.5080119345712335,7,0
development,EMERGENCYSTATE_MODE,246008,0.47389109297258625,2,0
development,OBS_30_CNT_SOCIAL_CIRCLE,246008,0.003296640759650093,33,0
development,DEF_30_CNT_SOCIAL_CIRCLE,246008,0.003296640759650093,10,0
development,OBS_60_CNT_SOCIAL_CIRCLE,246008,0.003296640759650093,32,0
development,DEF_60_CNT_SOCIAL_CIRCLE,246008,0.003296640759650093,9,0
development,DAYS_LAST_PHONE_CHANGE,246008,4.0649084582615195e-06,3739,0
development,FLAG_DOCUMENT_2,246008,0.0,2,0
development,FLAG_DOCUMENT_3,246008,0.0,2,0
development,FLAG_DOCUMENT_4,246008,0.0,2,0
development,FLAG_DOCUMENT_5,246008,0.0,2,0
development,FLAG_DOCUMENT_6,246008,0.0,2,0
development,FLAG_DOCUMENT_7,246008,0.0,2,0
development,FLAG_DOCUMENT_8,246008,0.0,2,0
development,FLAG_DOCUMENT_9,246008,0.0,2,0
development,FLAG_DOCUMENT_10,246008,0.0,2,0
development,FLAG_DOCUMENT_11,246008,0.0,2,0
development,FLAG_DOCUMENT_12,246008,0.0,2,0
development,FLAG_DOCUMENT_13,246008,0.0,2,0
development,FLAG_DOCUMENT_14,246008,0.0,2,0
development,FLAG_DOCUMENT_15,246008,0.0,2,0
development,FLAG_DOCUMENT_16,246008,0.0,2,0
development,FLAG_DOCUMENT_17,246008,0.0,2,0
development,FLAG_DOCUMENT_18,246008,0.0,2,0
development,FLAG_DOCUMENT_19,246008,0.0,2,0
development,FLAG_DOCUMENT_20,246008,0.0,2,0
development,FLAG_DOCUMENT_21,246008,0.0,2,0
development,AMT_REQ_CREDIT_BUREAU_HOUR,246008,0.13513381678644598,5,0
development,AMT_REQ_CREDIT_BUREAU_DAY,246008,0.13513381678644598,9,0
development,AMT_REQ_CREDIT_BUREAU_WEEK,246008,0.13513381678644598,9,0
development,AMT_REQ_CREDIT_BUREAU_MON,246008,0.13513381678644598,23,0
development,AMT_REQ_CREDIT_BUREAU_QRT,246008,0.13513381678644598,10,0
development,AMT_REQ_CREDIT_BUREAU_YEAR,246008,0.13513381678644598,24,0
unlabeled test,NAME_CONTRACT_TYPE,48744,0.0,2,0
unlabeled test,CODE_GENDER,48744,0.0,2,0
unlabeled test,FLAG_OWN_CAR,48744,0.0,2,0
unlabeled test,FLAG_OWN_REALTY,48744,0.0,2,0
unlabeled test,CNT_CHILDREN,48744,0.0,11,0
unlabeled test,AMT_INCOME_TOTAL,48744,0.0,606,0
unlabeled test,AMT_CREDIT,48744,0.0,2937,0
unlabeled test,AMT_ANNUITY,48744,0.0004923682914820286,7491,0
unlabeled test,AMT_GOODS_PRICE,48744,0.0,677,0
unlabeled test,NAME_TYPE_SUITE,48744,0.018689479730838666,7,0
unlabeled test,NAME_INCOME_TYPE,48744,0.0,7,0
unlabeled test,NAME_EDUCATION_TYPE,48744,0.0,5,0
unlabeled test,NAME_FAMILY_STATUS,48744,0.0,5,0
unlabeled test,NAME_HOUSING_TYPE,48744,0.0,6,0
unlabeled test,REGION_POPULATION_RELATIVE,48744,0.0,81,0
unlabeled test,DAYS_BIRTH,48744,0.0,15477,0
unlabeled test,DAYS_EMPLOYED,48744,0.0,7863,9274
unlabeled test,DAYS_REGISTRATION,48744,0.0,12618,0
unlabeled test,DAYS_ID_PUBLISH,48744,0.0,5880,0
unlabeled test,OWN_CAR_AGE,48744,0.6628918430986378,52,0
unlabeled test,FLAG_MOBIL,48744,0.0,2,0
unlabeled test,FLAG_EMP_PHONE,48744,0.0,2,0
unlabeled test,FLAG_WORK_PHONE,48744,0.0,2,0
unlabeled test,FLAG_CONT_MOBILE,48744,0.0,2,0
unlabeled test,FLAG_PHONE,48744,0.0,2,0
unlabeled test,FLAG_EMAIL,48744,0.0,2,0
unlabeled test,OCCUPATION_TYPE,48744,0.32014196619071067,18,0
unlabeled test,CNT_FAM_MEMBERS,48744,0.0,12,0
unlabeled test,REGION_RATING_CLIENT,48744,0.0,3,0
unlabeled test,REGION_RATING_CLIENT_W_CITY,48744,0.0,4,0
unlabeled test,WEEKDAY_APPR_PROCESS_START,48744,0.0,7,0
unlabeled test,HOUR_APPR_PROCESS_START,48744,0.0,24,0
unlabeled test,REG_REGION_NOT_LIVE_REGION,48744,0.0,2,0
unlabeled test,REG_REGION_NOT_WORK_REGION,48744,0.0,2,0
unlabeled test,LIVE_REGION_NOT_WORK_REGION,48744,0.0,2,0
unlabeled test,REG_CITY_NOT_LIVE_CITY,48744,0.0,2,0
unlabeled test,REG_CITY_NOT_WORK_CITY,48744,0.0,2,0
unlabeled test,LIVE_CITY_NOT_WORK_CITY,48744,0.0,2,0
unlabeled test,ORGANIZATION_TYPE,48744,0.0,58,0
unlabeled test,EXT_SOURCE_1,48744,0.42122107336287545,27207,0
unlabeled test,EXT_SOURCE_2,48744,0.00016412276382734285,38885,0
unlabeled test,EXT_SOURCE_3,48744,0.177827014606926,702,0
unlabeled test,APARTMENTS_AVG,48744,0.4900500574429673,1543,0
unlabeled test,BASEMENTAREA_AVG,48744,0.567064664368948,2816,0
unlabeled test,YEARS_BEGINEXPLUATATION_AVG,48744,0.4688987362547185,175,0
unlabeled test,YEARS_BUILD_AVG,48744,0.6527572624322994,130,0
unlabeled test,COMMONAREA_AVG,48744,0.6871614967996061,2042,0
unlabeled test,ELEVATORS_AVG,48744,0.5167610372558674,181,0
unlabeled test,ENTRANCES_AVG,48744,0.48373133103561466,200,0
unlabeled test,FLOORSMAX_AVG,48744,0.47843837190218286,252,0
unlabeled test,FLOORSMIN_AVG,48744,0.6660512063023142,198,0
unlabeled test,LANDAREA_AVG,48744,0.5796405711472181,2540,0
unlabeled test,LIVINGAPARTMENTS_AVG,48744,0.6724930247825374,1211,0
unlabeled test,LIVINGAREA_AVG,48744,0.48317741670769737,3848,0
unlabeled test,NONLIVINGAPARTMENTS_AVG,48744,0.6841252256688003,241,0
unlabeled test,NONLIVINGAREA_AVG,48744,0.5351222714590513,2026,0
unlabeled test,APARTMENTS_MODE,48744,0.4900500574429673,636,0
unlabeled test,BASEMENTAREA_MODE,48744,0.567064664368948,2835,0
unlabeled test,YEARS_BEGINEXPLUATATION_MODE,48744,0.4688987362547185,160,0
unlabeled test,YEARS_BUILD_MODE,48744,0.6527572624322994,132,0
unlabeled test,COMMONAREA_MODE,48744,0.6871614967996061,2001,0
unlabeled test,ELEVATORS_MODE,48744,0.5167610372558674,26,0
unlabeled test,ENTRANCES_MODE,48744,0.48373133103561466,30,0
unlabeled test,FLOORSMAX_MODE,48744,0.47843837190218286,25,0
unlabeled test,FLOORSMIN_MODE,48744,0.6660512063023142,25,0
unlabeled test,LANDAREA_MODE,48744,0.5796405711472181,2560,0
unlabeled test,LIVINGAPARTMENTS_MODE,48744,0.6724930247825374,602,0
unlabeled test,LIVINGAREA_MODE,48744,0.48317741670769737,3842,0
unlabeled test,NONLIVINGAPARTMENTS_MODE,48744,0.6841252256688003,106,0
unlabeled test,NONLIVINGAREA_MODE,48744,0.5351222714590513,2025,0
unlabeled test,APARTMENTS_MEDI,48744,0.4900500574429673,918,0
unlabeled test,BASEMENTAREA_MEDI,48744,0.567064664368948,2805,0
unlabeled test,YEARS_BEGINEXPLUATATION_MEDI,48744,0.4688987362547185,169,0
unlabeled test,YEARS_BUILD_MEDI,48744,0.6527572624322994,129,0
unlabeled test,COMMONAREA_MEDI,48744,0.6871614967996061,2034,0
unlabeled test,ELEVATORS_MEDI,48744,0.5167610372558674,43,0
unlabeled test,ENTRANCES_MEDI,48744,0.48373133103561466,43,0
unlabeled test,FLOORSMAX_MEDI,48744,0.47843837190218286,47,0
unlabeled test,FLOORSMIN_MEDI,48744,0.6660512063023142,44,0
unlabeled test,LANDAREA_MEDI,48744,0.5796405711472181,2562,0
unlabeled test,LIVINGAPARTMENTS_MEDI,48744,0.6724930247825374,843,0
unlabeled test,LIVINGAREA_MEDI,48744,0.48317741670769737,3885,0
unlabeled test,NONLIVINGAPARTMENTS_MEDI,48744,0.6841252256688003,134,0
unlabeled test,NONLIVINGAREA_MEDI,48744,0.5351222714590513,2030,0
unlabeled test,FONDKAPREMONT_MODE,48744,0.6728417856556704,4,0
unlabeled test,HOUSETYPE_MODE,48744,0.48455194485475134,3,0
unlabeled test,TOTALAREA_MODE,48744,0.46413917610372557,3820,0
unlabeled test,WALLSMATERIAL_MODE,48744,0.49017314951583785,7,0
unlabeled test,EMERGENCYSTATE_MODE,48744,0.45562530773018217,2,0
unlabeled test,OBS_30_CNT_SOCIAL_CIRCLE,48744,0.0005949450188741178,28,0
unlabeled test,DEF_30_CNT_SOCIAL_CIRCLE,48744,0.0005949450188741178,8,0
unlabeled test,OBS_60_CNT_SOCIAL_CIRCLE,48744,0.0005949450188741178,27,0
unlabeled test,DEF_60_CNT_SOCIAL_CIRCLE,48744,0.0005949450188741178,7,0
unlabeled test,DAYS_LAST_PHONE_CHANGE,48744,0.0,3579,0
unlabeled test,FLAG_DOCUMENT_2,48744,0.0,1,0
unlabeled test,FLAG_DOCUMENT_3,48744,0.0,2,0
unlabeled test,FLAG_DOCUMENT_4,48744,0.0,2,0
unlabeled test,FLAG_DOCUMENT_5,48744,0.0,2,0
unlabeled test,FLAG_DOCUMENT_6,48744,0.0,2,0
unlabeled test,FLAG_DOCUMENT_7,48744,0.0,2,0
unlabeled test,FLAG_DOCUMENT_8,48744,0.0,2,0
unlabeled test,FLAG_DOCUMENT_9,48744,0.0,2,0
unlabeled test,FLAG_DOCUMENT_10,48744,0.0,1,0
unlabeled test,FLAG_DOCUMENT_11,48744,0.0,2,0
unlabeled test,FLAG_DOCUMENT_12,48744,0.0,1,0
unlabeled test,FLAG_DOCUMENT_13,48744,0.0,1,0
unlabeled test,FLAG_DOCUMENT_14,48744,0.0,1,0
unlabeled test,FLAG_DOCUMENT_15,48744,0.0,1,0
unlabeled test,FLAG_DOCUMENT_16,48744,0.0,1,0
unlabeled test,FLAG_DOCUMENT_17,48744,0.0,1,0
unlabeled test,FLAG_DOCUMENT_18,48744,0.0,2,0
unlabeled test,FLAG_DOCUMENT_19,48744,0.0,1,0
unlabeled test,FLAG_DOCUMENT_20,48744,0.0,1,0
unlabeled test,FLAG_DOCUMENT_21,48744,0.0,1,0
unlabeled test,AMT_REQ_CREDIT_BUREAU_HOUR,48744,0.12409732479894961,3,0
unlabeled test,AMT_REQ_CREDIT_BUREAU_DAY,48744,0.12409732479894961,3,0
unlabeled test,AMT_REQ_CREDIT_BUREAU_WEEK,48744,0.12409732479894961,3,0
unlabeled test,AMT_REQ_CREDIT_BUREAU_MON,48744,0.12409732479894961,7,0
unlabeled test,AMT_REQ_CREDIT_BUREAU_QRT,48744,0.12409732479894961,8,0
unlabeled test,AMT_REQ_CREDIT_BUREAU_YEAR,48744,0.12409732479894961,16,0
