feature,kind,psi,null_p95,exceeds_null_p95,buckets,reference_rows,current_rows,missing_reference,missing_current
AMT_REQ_CREDIT_BUREAU_MON,raw feature,0.4277515607709878,0.00015074136118748994,True,4,246008,48744,0.13513381678644598,0.12409732479894961
AMT_REQ_CREDIT_BUREAU_QRT,raw feature,0.31222227973611005,0.00042976627443437967,True,12,246008,48744,0.13513381678644598,0.12409732479894961
NAME_CONTRACT_TYPE,raw feature,0.21139498896182543,0.0001045999554676907,True,4,246008,48744,0.0,0.0
FLAG_EMAIL,raw feature,0.12419336526335205,0.00010130807060476577,True,4,246008,48744,0.0,0.0
EXT_SOURCE_1,raw feature,0.08436694318602363,0.0004481807085035456,True,11,246008,48744,0.5633759877727553,0.42122107336287545
AMT_GOODS_PRICE,raw feature,0.08403595371178554,0.0004261665954899434,True,11,246008,48744,0.0008983447692757959,0.0
AMT_CREDIT,raw feature,0.0798878300939295,0.0004103460288435556,True,11,246008,48744,0.0,0.0
FLAG_DOCUMENT_16,raw feature,0.06905302043013486,0.0001121654501615612,True,4,246008,48744,0.0,0.0
DAYS_ID_PUBLISH,raw feature,0.06796808863561417,0.0004210395148032977,True,11,246008,48744,0.0,0.0
DAYS_LAST_PHONE_CHANGE,raw feature,0.06749758390169784,0.00042515135573916666,True,11,246008,48744,4.0649084582615195e-06,0.0
AMT_REQ_CREDIT_BUREAU_WEEK,raw feature,0.06364057359136598,0.00042390100719756684,True,11,246008,48744,0.13513381678644598,0.12409732479894961
AMT_ANNUITY,raw feature,0.03357889281714208,0.00044659314029981404,True,11,246008,48744,4.06490845826152e-05,0.0004923682914820286
FLAG_DOCUMENT_3,raw feature,0.031031791728555178,0.00010634588738392976,True,4,246008,48744,0.0,0.0
NAME_TYPE_SUITE,raw feature,0.025329966114677083,0.00033697148452999326,True,9,246008,48744,0.004182790803551104,0.018689479730838666
AMT_INCOME_TOTAL,raw feature,0.02039989798113455,0.00044053583003027914,True,11,246008,48744,0.0,0.0
FLAG_DOCUMENT_13,raw feature,0.019601734769396483,0.00013990859777282733,True,4,246008,48744,0.0,0.0
OWN_CAR_AGE,raw feature,0.017946391169398147,0.00045828316969978426,True,11,246008,48744,0.6602143019739195,0.6628918430986378
FLAG_DOCUMENT_14,raw feature,0.016699634846630597,0.00013544169178486917,True,4,246008,48744,0.0,0.0
EXT_SOURCE_2,raw feature,0.014915370790214072,0.0004588956171023867,True,11,246008,48744,0.002158466391336867,0.00016412276382734285
WEEKDAY_APPR_PROCESS_START,raw feature,0.0126501172991342,0.00033130013800421215,True,9,246008,48744,0.0,0.0
FLAG_DOCUMENT_18,raw feature,0.010885660574543108,0.00010928131719799083,True,4,246008,48744,0.0,0.0
EXT_SOURCE_3,raw feature,0.00782148344821608,0.0004719200721561767,True,11,246008,48744,0.19838785730545347,0.177827014606926
AMT_REQ_CREDIT_BUREAU_YEAR,raw feature,0.007161424212482831,0.0002947464263018383,True,7,246008,48744,0.13513381678644598,0.12409732479894961
DAYS_EMPLOYED,raw feature,0.006615768107513497,0.00042834205856765714,True,11,246008,48744,0.0,0.0
ORGANIZATION_TYPE,raw feature,0.0058243148471534886,0.0019526507842571338,True,60,246008,48744,0.0,0.0
FLAG_DOCUMENT_15,raw feature,0.005700408477320651,0.00011772190948568024,True,4,246008,48744,0.0,0.0
AMT_REQ_CREDIT_BUREAU_DAY,raw feature,0.005146892240980927,0.00038229835257065783,True,11,246008,48744,0.13513381678644598,0.12409732479894961
DEF_30_CNT_SOCIAL_CIRCLE,raw feature,0.004814736396152697,0.0004122394986147373,True,12,246008,48744,0.003296640759650093,0.0005949450188741178
DEF_60_CNT_SOCIAL_CIRCLE,raw feature,0.004772332501062733,0.00042343262143075343,True,11,246008,48744,0.003296640759650093,0.0005949450188741178
AMT_REQ_CREDIT_BUREAU_HOUR,raw feature,0.004693681547114595,0.0002479456053224787,True,7,246008,48744,0.13513381678644598,0.12409732479894961
OBS_60_CNT_SOCIAL_CIRCLE,raw feature,0.004607965228712996,0.000290336165341453,True,7,246008,48744,0.003296640759650093,0.0005949450188741178
OBS_30_CNT_SOCIAL_CIRCLE,raw feature,0.004601848825766818,0.00029617299206819705,True,7,246008,48744,0.003296640759650093,0.0005949450188741178
MODEL_SCORE,same-model score,0.0038352023712047902,0.0005724491689777305,True,11,61503,48744,0.0,0.0
YEARS_BEGINEXPLUATATION_MODE,raw feature,0.003268531544335382,0.0004505977344304888,True,11,246008,48744,0.48758170466001105,0.4688987362547185
FLAG_DOCUMENT_11,raw feature,0.0032259714137933553,0.0001520815893075793,True,4,246008,48744,0.0,0.0
YEARS_BEGINEXPLUATATION_MEDI,raw feature,0.003201097881292865,0.00040866321019178913,True,11,246008,48744,0.48758170466001105,0.4688987362547185
YEARS_BEGINEXPLUATATION_AVG,raw feature,0.0031577565268431787,0.00047972648139258046,True,11,246008,48744,0.48758170466001105,0.4688987362547185
NAME_FAMILY_STATUS,raw feature,0.003106592491436842,0.000265220036174001,True,8,246008,48744,0.0,0.0
FLOORSMAX_AVG,raw feature,0.0029681952342892606,0.0003108535331562273,True,7,246008,48744,0.4971261097200091,0.47843837190218286
FLOORSMAX_MEDI,raw feature,0.002951609444505777,0.00029411801633764224,True,7,246008,48744,0.4971261097200091,0.47843837190218286
LIVINGAREA_AVG,raw feature,0.002846729398259874,0.0004499797543700385,True,11,246008,48744,0.5018617280738837,0.48317741670769737
TOTALAREA_MODE,raw feature,0.00284382151728833,0.000449628364768053,True,11,246008,48744,0.48253308835485026,0.46413917610372557
FLOORSMAX_MODE,raw feature,0.0028288077207818396,0.0003272638851796982,True,7,246008,48744,0.4971261097200091,0.47843837190218286
LIVINGAREA_MEDI,raw feature,0.002788666591223882,0.0004371199577401743,True,11,246008,48744,0.5018617280738837,0.48317741670769737
LIVINGAREA_MODE,raw feature,0.0026736792190600535,0.00045533210920743397,True,11,246008,48744,0.5018617280738837,0.48317741670769737
APARTMENTS_AVG,raw feature,0.002617707302038425,0.00045672805273757754,True,11,246008,48744,0.507024161815876,0.4900500574429673
APARTMENTS_MEDI,raw feature,0.002592822136256621,0.000447920243830931,True,11,246008,48744,0.507024161815876,0.4900500574429673
FLAG_DOCUMENT_19,raw feature,0.0024861460618220504,0.0001257309062361551,True,4,246008,48744,0.0,0.0
REGION_RATING_CLIENT_W_CITY,raw feature,0.002428822518782853,0.00017541673862742687,True,5,246008,48744,0.0,0.0
ELEVATORS_AVG,raw feature,0.002346011584882902,0.0002755464500253002,True,7,246008,48744,0.5325721114760495,0.5167610372558674
YEARS_BUILD_MODE,raw feature,0.002310340605497496,0.0004352444877321201,True,11,246008,48744,0.6647873239894637,0.6527572624322994
APARTMENTS_MODE,raw feature,0.002289977132603446,0.0004385901876776147,True,11,246008,48744,0.507024161815876,0.4900500574429673
ELEVATORS_MEDI,raw feature,0.002227630636214489,0.000258601006850427,True,6,246008,48744,0.5325721114760495,0.5167610372558674
REGION_POPULATION_RELATIVE,raw feature,0.0022051807453894907,0.0004321204638187843,True,11,246008,48744,0.0,0.0
YEARS_BUILD_MEDI,raw feature,0.0022013642924838942,0.0004252593066367427,True,11,246008,48744,0.6647873239894637,0.6527572624322994
ELEVATORS_MODE,raw feature,0.0021517468017786005,0.00026688937066228583,True,6,246008,48744,0.5325721114760495,0.5167610372558674
OCCUPATION_TYPE,raw feature,0.002096940050808459,0.000724164719096005,True,20,246008,48744,0.3127540567786413,0.32014196619071067
ENTRANCES_MEDI,raw feature,0.0020752210925033075,0.0003946261395075441,True,9,246008,48744,0.5031340444213196,0.48373133103561466
ENTRANCES_AVG,raw feature,0.002072886157473037,0.00040251653336795213,True,9,246008,48744,0.5031340444213196,0.48373133103561466
WALLSMATERIAL_MODE,raw feature,0.002065211509065399,0.0003597922642783278,True,9,246008,48744,0.5080119345712335,0.49017314951583785
YEARS_BUILD_AVG,raw feature,0.0020650405744137706,0.00041867620371491244,True,11,246008,48744,0.6647873239894637,0.6527572624322994
BASEMENTAREA_MEDI,raw feature,0.0019787837250877073,0.0004112938946852367,True,11,246008,48744,0.5846517186432961,0.567064664368948
BASEMENTAREA_AVG,raw feature,0.0019658736460899757,0.0004350423912694596,True,11,246008,48744,0.5846517186432961,0.567064664368948
FLAG_DOCUMENT_20,raw feature,0.0019599119968772673,0.000119266007966696,True,4,246008,48744,0.0,0.0
BASEMENTAREA_MODE,raw feature,0.0019156369023028796,0.0004530028462459281,True,11,246008,48744,0.5846517186432961,0.567064664368948
ENTRANCES_MODE,raw feature,0.001912719968665511,0.0003702224404906814,True,9,246008,48744,0.5031340444213196,0.48373133103561466
REGION_RATING_CLIENT,raw feature,0.0019115386014721125,0.00017393683050989187,True,5,246008,48744,0.0,0.0
LIVINGAPARTMENTS_AVG,raw feature,0.0019026438744541218,0.000439597550067715,True,11,246008,48744,0.6833883450944684,0.6724930247825374
NAME_EDUCATION_TYPE,raw feature,0.0018723191441618256,0.0002803084617768547,True,7,246008,48744,0.0,0.0
LIVINGAPARTMENTS_MEDI,raw feature,0.001839906858497036,0.0004265598639347174,True,11,246008,48744,0.6833883450944684,0.6724930247825374
LIVINGAPARTMENTS_MODE,raw feature,0.0017615150845145715,0.0004624609523204132,True,11,246008,48744,0.6833883450944684,0.6724930247825374
FLAG_PHONE,raw feature,0.001628467663785052,0.0001142141258078373,True,4,246008,48744,0.0,0.0
CNT_FAM_MEMBERS,raw feature,0.0015791448179106097,0.0001787639717129336,True,5,246008,48744,8.129816916523039e-06,0.0
HOUR_APPR_PROCESS_START,raw feature,0.001572865953227771,0.00042931132510855383,True,11,246008,48744,0.0,0.0
FLOORSMIN_MEDI,raw feature,0.00151150832559484,0.0003552946714922034,True,8,246008,48744,0.6785185847614712,0.6660512063023142
FLOORSMIN_AVG,raw feature,0.001499502557375166,0.0003457374879060546,True,8,246008,48744,0.6785185847614712,0.6660512063023142
DAYS_REGISTRATION,raw feature,0.0014546394700546894,0.00041794329050631295,True,11,246008,48744,0.0,0.0
FLOORSMIN_MODE,raw feature,0.0013961917747205008,0.00032448928393731037,True,8,246008,48744,0.6785185847614712,0.6660512063023142
EMERGENCYSTATE_MODE,raw feature,0.0013879652075757208,0.00015628172970007782,True,4,246008,48744,0.47389109297258625,0.45562530773018217
NONLIVINGAREA_AVG,raw feature,0.0012086469474063659,0.0003294559229425335,True,8,246008,48744,0.5512991447432604,0.5351222714590513
NONLIVINGAREA_MEDI,raw feature,0.0011900923490343535,0.00034574013909610847,True,8,246008,48744,0.5512991447432604,0.5351222714590513
NONLIVINGAREA_MODE,raw feature,0.001183993133957519,0.00034335033712035217,True,8,246008,48744,0.5512991447432604,0.5351222714590513
LANDAREA_MEDI,raw feature,0.001180017648789292,0.00044890322511958704,True,11,246008,48744,0.593415661279308,0.5796405711472181
LANDAREA_AVG,raw feature,0.00117485438271681,0.0004566771184815861,True,11,246008,48744,0.593415661279308,0.5796405711472181
COMMONAREA_AVG,raw feature,0.0011725232707325928,0.00040099897813320324,True,11,246008,48744,0.69839598712237,0.6871614967996061
COMMONAREA_MEDI,raw feature,0.001159032840715219,0.0004163396669049626,True,11,246008,48744,0.69839598712237,0.6871614967996061
HOUSETYPE_MODE,raw feature,0.0011565253412339418,0.0001873188133292862,True,5,246008,48744,0.5013170303404767,0.48455194485475134
FLAG_DOCUMENT_21,raw feature,0.0011062704528871355,0.00012137613563529198,True,4,246008,48744,0.0,0.0
NAME_INCOME_TYPE,raw feature,0.0010649282966225474,0.00035810439484961214,True,10,246008,48744,0.0,0.0
LANDAREA_MODE,raw feature,0.0010637185726120333,0.00044756753909708274,True,11,246008,48744,0.593415661279308,0.5796405711472181
COMMONAREA_MODE,raw feature,0.0010630381385941272,0.0004557698835628851,True,11,246008,48744,0.69839598712237,0.6871614967996061
DAYS_BIRTH,raw feature,0.0009727936127978172,0.0004039076298336641,True,11,246008,48744,0.0,0.0
NAME_HOUSING_TYPE,raw feature,0.0009173382271800538,0.00030127815683566727,True,8,246008,48744,0.0,0.0
REG_REGION_NOT_LIVE_REGION,raw feature,0.0009074808444802568,0.00010993939878141779,True,4,246008,48744,0.0,0.0
CNT_CHILDREN,raw feature,0.0008027633999580314,0.00015482347272225802,True,5,246008,48744,0.0,0.0
FLAG_EMP_PHONE,raw feature,0.0008011936779095405,0.00010692734843890441,True,4,246008,48744,0.0,0.0
FLAG_DOCUMENT_17,raw feature,0.0007922481880300697,0.0001114072965456097,True,4,246008,48744,0.0,0.0
CODE_GENDER,raw feature,0.0007090364391105932,0.00015796172104319233,True,5,246008,48744,0.0,0.0
FLAG_DOCUMENT_8,raw feature,0.0006714342653555865,0.00010066639633430908,True,4,246008,48744,0.0,0.0
NONLIVINGAPARTMENTS_AVG,raw feature,0.0006418084571222944,0.00028484652444144074,True,7,246008,48744,0.693997756170531,0.6841252256688003
NONLIVINGAPARTMENTS_MODE,raw feature,0.0006098712960998554,0.0002463747698484911,True,6,246008,48744,0.693997756170531,0.6841252256688003
NONLIVINGAPARTMENTS_MEDI,raw feature,0.0006025348374308826,0.0002771257616843636,True,7,246008,48744,0.693997756170531,0.6841252256688003
FONDKAPREMONT_MODE,raw feature,0.0005773885524140837,0.00025660968626775403,True,6,246008,48744,0.6837785763064615,0.6728417856556704
REG_REGION_NOT_WORK_REGION,raw feature,0.0003478462709222526,0.00013482073161742508,True,4,246008,48744,0.0,0.0
LIVE_CITY_NOT_WORK_CITY,raw feature,0.0002849673772542036,0.00012741238335207733,True,4,246008,48744,0.0,0.0
REG_CITY_NOT_WORK_CITY,raw feature,0.00025779190567824106,0.00010969487046722545,True,4,246008,48744,0.0,0.0
FLAG_DOCUMENT_7,raw feature,0.0002062998533788532,0.00012408227518182074,True,4,246008,48744,0.0,0.0
FLAG_WORK_PHONE,raw feature,0.00018325613218227554,0.00010834981439206395,True,4,246008,48744,0.0,0.0
FLAG_DOCUMENT_9,raw feature,0.00012888293026821349,0.00015433813847169002,False,4,246008,48744,0.0,0.0
FLAG_DOCUMENT_2,raw feature,8.197245628538826e-05,0.00011175413458662373,False,4,246008,48744,0.0,0.0
FLAG_OWN_REALTY,raw feature,7.888536087410225e-05,0.00010123393547185556,False,4,246008,48744,0.0,0.0
FLAG_CONT_MOBILE,raw feature,6.842833530320664e-05,0.00011207171342076259,False,4,246008,48744,0.0,0.0
FLAG_MOBIL,raw feature,6.657124157270326e-05,0.00010472497345307109,False,4,246008,48744,0.0,0.0
FLAG_OWN_CAR,raw feature,5.8577606220288193e-05,0.00010324112257858206,False,4,246008,48744,0.0,0.0
LIVE_REGION_NOT_WORK_REGION,raw feature,4.560913655251069e-05,0.0001266888784748295,False,4,246008,48744,0.0,0.0
FLAG_DOCUMENT_5,raw feature,3.5183866250261496e-05,0.00011435209858736309,False,4,246008,48744,0.0,0.0
FLAG_DOCUMENT_10,raw feature,3.1275761078312204e-05,9.320068533757806e-05,False,4,246008,48744,0.0,0.0
FLAG_DOCUMENT_4,raw feature,3.1116577757409967e-05,0.0001230412846893565,False,4,246008,48744,0.0,0.0
REG_CITY_NOT_LIVE_CITY,raw feature,2.9124633506691574e-05,0.00010316980970512637,False,4,246008,48744,0.0,0.0
FLAG_DOCUMENT_12,raw feature,2.8791981939090747e-05,0.00010472497345307109,False,4,246008,48744,0.0,0.0
FLAG_DOCUMENT_6,raw feature,2.7304042896820314e-05,0.0001110701261212382,False,4,246008,48744,0.0,0.0
