bin,count,observed_rate,mean_probability,absolute_gap,split
"(0.00443, 0.0206]",24601,0.011584894922970611,0.01644025091668049,0.004855355993709877,development OOF
"(0.0206, 0.027]",24601,0.018901670663794154,0.023848183513501767,0.004946512849707613,development OOF
"(0.027, 0.0338]",24601,0.02585260761757652,0.030368569531829443,0.004515961914252922,development OOF
"(0.0338, 0.042]",24600,0.03597560975609756,0.03780739380938647,0.001831784053288911,development OOF
"(0.042, 0.0523]",24601,0.04621763342953539,0.04696462291386725,0.0007469894843318628,development OOF
"(0.0523, 0.0662]",24601,0.0634527051745864,0.05892954511295466,0.00452316006163174,development OOF
"(0.0662, 0.086]",24600,0.07670731707317073,0.07544207959848513,0.0012652374746855988,development OOF
"(0.086, 0.118]",24601,0.10727206211129629,0.10061172623152857,0.00666033587976772,development OOF
"(0.118, 0.18]",24601,0.151375960326816,0.14511415881493234,0.006261801511883658,development OOF
"(0.18, 0.772]",24601,0.26994837608227307,0.2706799238379916,0.0007315477557185424,development OOF
"(0.00421, 0.0196]",6151,0.012355714517964559,0.01538129342270196,0.0030255789047374006,previously inspected holdout
"(0.0196, 0.0264]",6150,0.0183739837398374,0.023041283443273233,0.004667299703435834,previously inspected holdout
"(0.0264, 0.0334]",6150,0.025528455284552845,0.029788749724092588,0.004260294439539743,previously inspected holdout
"(0.0334, 0.0417]",6150,0.033658536585365856,0.037325200128099124,0.0036666635427332686,previously inspected holdout
"(0.0417, 0.052]",6151,0.046171354251341244,0.04667470225231955,0.0005033480009783084,previously inspected holdout
"(0.052, 0.066]",6150,0.05983739837398374,0.058546182039014065,0.0012912163349696748,previously inspected holdout
"(0.066, 0.086]",6150,0.07626016260162602,0.07526581194274318,0.0009943506588828421,previously inspected holdout
"(0.086, 0.118]",6150,0.10650406504065041,0.10051288824399777,0.005991176796652634,previously inspected holdout
"(0.118, 0.181]",6150,0.14894308943089432,0.14453235080003674,0.004410738630857586,previously inspected holdout
"(0.181, 0.722]",6151,0.27962932856446104,0.27440300542015694,0.005226323144304101,previously inspected holdout
