,missing_fraction
COMMONAREA_AVG,0.69839598712237
COMMONAREA_MODE,0.69839598712237
COMMONAREA_MEDI,0.69839598712237
NONLIVINGAPARTMENTS_MODE,0.693997756170531
NONLIVINGAPARTMENTS_MEDI,0.693997756170531
NONLIVINGAPARTMENTS_AVG,0.693997756170531
FONDKAPREMONT_MODE,0.6837785763064615
LIVINGAPARTMENTS_AVG,0.6833883450944684
LIVINGAPARTMENTS_MODE,0.6833883450944684
LIVINGAPARTMENTS_MEDI,0.6833883450944684
FLOORSMIN_AVG,0.6785185847614712
FLOORSMIN_MEDI,0.6785185847614712
FLOORSMIN_MODE,0.6785185847614712
YEARS_BUILD_AVG,0.6647873239894637
YEARS_BUILD_MODE,0.6647873239894637
YEARS_BUILD_MEDI,0.6647873239894637
OWN_CAR_AGE,0.6602143019739195
LANDAREA_AVG,0.593415661279308
LANDAREA_MEDI,0.593415661279308
LANDAREA_MODE,0.593415661279308
BASEMENTAREA_AVG,0.5846517186432961
BASEMENTAREA_MODE,0.5846517186432961
BASEMENTAREA_MEDI,0.5846517186432961
EXT_SOURCE_1,0.5633759877727553
NONLIVINGAREA_MEDI,0.5512991447432604
NONLIVINGAREA_AVG,0.5512991447432604
NONLIVINGAREA_MODE,0.5512991447432604
ELEVATORS_MEDI,0.5325721114760495
ELEVATORS_AVG,0.5325721114760495
ELEVATORS_MODE,0.5325721114760495
WALLSMATERIAL_MODE,0.5080119345712335
APARTMENTS_MEDI,0.507024161815876
APARTMENTS_MODE,0.507024161815876
APARTMENTS_AVG,0.507024161815876
ENTRANCES_MEDI,0.5031340444213196
ENTRANCES_MODE,0.5031340444213196
ENTRANCES_AVG,0.5031340444213196
LIVINGAREA_MODE,0.5018617280738837
LIVINGAREA_MEDI,0.5018617280738837
LIVINGAREA_AVG,0.5018617280738837
HOUSETYPE_MODE,0.5013170303404767
FLOORSMAX_MEDI,0.4971261097200091
FLOORSMAX_MODE,0.4971261097200091
FLOORSMAX_AVG,0.4971261097200091
YEARS_BEGINEXPLUATATION_MODE,0.48758170466001105
YEARS_BEGINEXPLUATATION_MEDI,0.48758170466001105
YEARS_BEGINEXPLUATATION_AVG,0.48758170466001105
TOTALAREA_MODE,0.48253308835485026
EMERGENCYSTATE_MODE,0.47389109297258625
OCCUPATION_TYPE,0.3127540567786413
EXT_SOURCE_3,0.19838785730545347
DAYS_EMPLOYED,0.1794372540730383
AMT_REQ_CREDIT_BUREAU_HOUR,0.13513381678644598
AMT_REQ_CREDIT_BUREAU_YEAR,0.13513381678644598
AMT_REQ_CREDIT_BUREAU_QRT,0.13513381678644598
AMT_REQ_CREDIT_BUREAU_DAY,0.13513381678644598
AMT_REQ_CREDIT_BUREAU_MON,0.13513381678644598
AMT_REQ_CREDIT_BUREAU_WEEK,0.13513381678644598
NAME_TYPE_SUITE,0.004182790803551104
OBS_30_CNT_SOCIAL_CIRCLE,0.003296640759650093
DEF_30_CNT_SOCIAL_CIRCLE,0.003296640759650093
DEF_60_CNT_SOCIAL_CIRCLE,0.003296640759650093
OBS_60_CNT_SOCIAL_CIRCLE,0.003296640759650093
EXT_SOURCE_2,0.002158466391336867
AMT_GOODS_PRICE,0.0008983447692757959
ANNUITY_INCOME_RATIO,4.06490845826152e-05
CREDIT_ANNUITY_RATIO,4.06490845826152e-05
AMT_ANNUITY,4.06490845826152e-05
CNT_FAM_MEMBERS,8.129816916523039e-06
DAYS_LAST_PHONE_CHANGE,4.0649084582615195e-06
CODE_GENDER,0.0
FLAG_DOCUMENT_16,0.0
FLAG_DOCUMENT_6,0.0
FLAG_DOCUMENT_7,0.0
FLAG_DOCUMENT_8,0.0
FLAG_DOCUMENT_9,0.0
FLAG_DOCUMENT_10,0.0
FLAG_DOCUMENT_11,0.0
FLAG_DOCUMENT_12,0.0
FLAG_DOCUMENT_13,0.0
FLAG_DOCUMENT_14,0.0
FLAG_DOCUMENT_15,0.0
FLAG_DOCUMENT_18,0.0
FLAG_DOCUMENT_17,0.0
FLAG_DOCUMENT_4,0.0
FLAG_DOCUMENT_19,0.0
FLAG_DOCUMENT_20,0.0
FLAG_DOCUMENT_21,0.0
NAME_INCOME_TYPE,0.0
AMT_CREDIT,0.0
AMT_INCOME_TOTAL,0.0
CNT_CHILDREN,0.0
FLAG_OWN_REALTY,0.0
CREDIT_INCOME_RATIO,0.0
FLAG_OWN_CAR,0.0
FLAG_DOCUMENT_5,0.0
FLAG_DOCUMENT_3,0.0
ORGANIZATION_TYPE,0.0
FLAG_DOCUMENT_2,0.0
LIVE_CITY_NOT_WORK_CITY,0.0
REG_CITY_NOT_WORK_CITY,0.0
REG_CITY_NOT_LIVE_CITY,0.0
LIVE_REGION_NOT_WORK_REGION,0.0
REG_REGION_NOT_WORK_REGION,0.0
REG_REGION_NOT_LIVE_REGION,0.0
HOUR_APPR_PROCESS_START,0.0
WEEKDAY_APPR_PROCESS_START,0.0
REGION_RATING_CLIENT_W_CITY,0.0
REGION_RATING_CLIENT,0.0
FLAG_EMAIL,0.0
FLAG_PHONE,0.0
FLAG_CONT_MOBILE,0.0
FLAG_WORK_PHONE,0.0
FLAG_EMP_PHONE,0.0
FLAG_MOBIL,0.0
DAYS_ID_PUBLISH,0.0
DAYS_REGISTRATION,0.0
DAYS_BIRTH,0.0
REGION_POPULATION_RELATIVE,0.0
NAME_HOUSING_TYPE,0.0
NAME_FAMILY_STATUS,0.0
NAME_EDUCATION_TYPE,0.0
NAME_CONTRACT_TYPE,0.0
