,training_permutation_auc_drop
CREDIT_INCOME_RATIO,-0.004196136958449485
FLAG_DOCUMENT_3,-0.0033309540804186875
FLAG_PHONE,-0.002660437349944774
AMT_CREDIT,-0.002487400774338585
DEF_30_CNT_SOCIAL_CIRCLE,-0.0021196980511754746
LIVINGAPARTMENTS_MEDI,-0.0019466614755693594
NAME_INCOME_TYPE,-0.0017087361841108262
NAME_HOUSING_TYPE,-0.001578958752406175
REGION_RATING_CLIENT_W_CITY,-0.001232885601193871
DAYS_REGISTRATION,-0.0012112560292430647
OWN_CAR_AGE,-0.0010382194536369127
FLAG_DOCUMENT_18,-0.0007354054463261835
NONLIVINGAREA_AVG,-0.0006488871585231074
OBS_30_CNT_SOCIAL_CIRCLE,-0.0005839984426707264
AMT_INCOME_TOTAL,-0.0004325914390153803
FLAG_OWN_REALTY,-0.0004325914390153803
HOUR_APPR_PROCESS_START,-0.00041096186706457427
ELEVATORS_AVG,-0.00036770272316299923
REGION_RATING_CLIENT,-0.0003244435792614982
YEARS_BUILD_MODE,-0.0002811844353599972
ENTRANCES_MEDI,-0.0002595548634091542
NAME_FAMILY_STATUS,-0.00023792529145842214
FLAG_EMP_PHONE,-0.00021629571950769014
CNT_FAM_MEMBERS,-0.00017303657560615213
COMMONAREA_MODE,-0.0001297774317046141
APARTMENTS_MODE,-0.00012977743170446607
ELEVATORS_MODE,-0.00010814785975384507
OBS_60_CNT_SOCIAL_CIRCLE,-0.00010814785975377106
WALLSMATERIAL_MODE,-8.651828780303905e-05
ENTRANCES_AVG,-8.651828780300204e-05
FLAG_DOCUMENT_6,-6.488871585230704e-05
FONDKAPREMONT_MODE,-4.325914390153803e-05
LANDAREA_AVG,-4.325914390142701e-05
LANDAREA_MEDI,-2.1629571950695e-05
FLAG_DOCUMENT_15,0.0
FLAG_DOCUMENT_14,0.0
FLAG_DOCUMENT_12,0.0
FLAG_DOCUMENT_11,0.0
ENTRANCES_MODE,0.0
FLOORSMIN_MODE,0.0
NONLIVINGAPARTMENTS_MODE,0.0
FLAG_DOCUMENT_4,0.0
FLAG_DOCUMENT_2,0.0
FLAG_DOCUMENT_10,0.0
FLOORSMIN_MEDI,0.0
FLAG_DOCUMENT_9,0.0
HOUSETYPE_MODE,0.0
FLAG_DOCUMENT_7,0.0
FLAG_DOCUMENT_5,0.0
YEARS_BUILD_MEDI,0.0
ELEVATORS_MEDI,0.0
NONLIVINGAPARTMENTS_AVG,0.0
FLAG_DOCUMENT_17,0.0
FLAG_DOCUMENT_19,0.0
REG_REGION_NOT_LIVE_REGION,0.0
LIVE_CITY_NOT_WORK_CITY,0.0
FLAG_CONT_MOBILE,0.0
FLAG_DOCUMENT_21,0.0
AMT_REQ_CREDIT_BUREAU_HOUR,0.0
FLAG_MOBIL,0.0
FLAG_DOCUMENT_20,0.0
LIVE_REGION_NOT_WORK_REGION,0.0
FLOORSMIN_AVG,0.0
AMT_REQ_CREDIT_BUREAU_DAY,0.0
FLAG_EMAIL,0.0
BASEMENTAREA_MODE,3.700743415417188e-17
NONLIVINGAREA_MEDI,7.401486830834377e-17
TOTALAREA_MODE,2.1629571950769016e-05
NONLIVINGAPARTMENTS_MEDI,2.1629571950769016e-05
APARTMENTS_AVG,2.162957195084303e-05
NONLIVINGAREA_MODE,2.1629571950880038e-05
REG_CITY_NOT_WORK_CITY,4.325914390153803e-05
CNT_CHILDREN,4.325914390153803e-05
LIVINGAREA_AVG,4.325914390153803e-05
AMT_REQ_CREDIT_BUREAU_MON,4.325914390157504e-05
LANDAREA_MODE,4.325914390161204e-05
LIVINGAPARTMENTS_MODE,4.3259143901649054e-05
FLAG_DOCUMENT_13,8.651828780315007e-05
FLOORSMAX_AVG,8.651828780318709e-05
LIVINGAREA_MODE,0.00010814785975391909
LIVINGAPARTMENTS_AVG,0.00010814785975395609
COMMONAREA_AVG,0.00010814785975395609
FLAG_DOCUMENT_16,0.0001297774317046141
NAME_TYPE_SUITE,0.00012977743170465109
YEARS_BUILD_AVG,0.00015140700365549412
FLOORSMAX_MODE,0.00015140700365553114
DEF_60_CNT_SOCIAL_CIRCLE,0.00017303657560626315
FLAG_DOCUMENT_8,0.00017303657560630015
APARTMENTS_MEDI,0.00019466614755703215
BASEMENTAREA_MEDI,0.00025955486340930217
REG_REGION_NOT_WORK_REGION,0.0003244435792616092
BASEMENTAREA_AVG,0.00032444357926168327
LIVINGAREA_MEDI,0.0003677027231631473
YEARS_BEGINEXPLUATATION_MEDI,0.0006056280146217174
AMT_REQ_CREDIT_BUREAU_WEEK,0.0006921463024247565
EMERGENCYSTATE_MODE,0.0007570350182771376
COMMONAREA_MEDI,0.0009733307377848277
FLOORSMAX_MEDI,0.0009949603097355597
YEARS_BEGINEXPLUATATION_MODE,0.0009949603097355597
REG_CITY_NOT_LIVE_CITY,0.001189626457292407
YEARS_BEGINEXPLUATATION_AVG,0.00121125602924325
REGION_POPULATION_RELATIVE,0.001232885601193982
ORGANIZATION_TYPE,0.001470810892652515
FLAG_OWN_CAR,0.001470810892652515
ANNUITY_INCOME_RATIO,0.001470810892652515
AMT_REQ_CREDIT_BUREAU_YEAR,0.0023359937706833125
WEEKDAY_APPR_PROCESS_START,0.0023359937706833866
AMT_REQ_CREDIT_BUREAU_QRT,0.002400882486535657
EXT_SOURCE_1,0.002444141630437232
OCCUPATION_TYPE,0.003114658360911108
NAME_CONTRACT_TYPE,0.003374213224320336
FLAG_WORK_PHONE,0.0034823610840742925
DAYS_LAST_PHONE_CHANGE,0.004715246685268089
DAYS_ID_PUBLISH,0.0054506521315944205
NAME_EDUCATION_TYPE,0.005818354854757531
DAYS_BIRTH,0.006834944736443749
AMT_GOODS_PRICE,0.008154348625440733
DAYS_EMPLOYED,0.008868124499816221
CREDIT_ANNUITY_RATIO,0.01172322799731799
AMT_ANNUITY,0.01319403888997043
CODE_GENDER,0.02069950035688802
EXT_SOURCE_2,0.029372958709147207
EXT_SOURCE_3,0.04150714857352985
